term,coef,se,t,p,lo,hi,outcome,n
own_weekly,-0.024052569668783583,0.03233900545724535,-0.7437634314568804,0.4572859124561944,-0.08755301454188537,0.03944787520431821,Garman-Klass,12312
own_monthly,0.05521955917499788,0.048701262816846065,1.1338424505061724,0.2572748198830896,-0.0404095985874499,0.15084871693744567,Garman-Klass,12312
other_major,-0.061633188938147704,0.03430369828115927,-1.7966922526250966,0.0728444056633318,-0.1289914787447452,0.005725100868449809,Garman-Klass,12312
other_minor,-0.09449330160709353,0.04841045625890565,-1.9519192527690836,0.05137289530184278,-0.1895514354453317,0.0005648322311446602,Garman-Klass,12312
own_weekly,-0.006731108894302437,0.03640408797817616,-0.18489980845935933,0.8533647695376976,-0.07821369622587439,0.06475147843726951,Parkinson,12312
own_monthly,0.04813561270599561,0.052954225838874505,0.9090041813180191,0.3636817528625858,-0.05584460719052751,0.15211583260251874,Parkinson,12312
other_major,-0.049055249997949156,0.03761885202143911,-1.3040070964949277,0.19268853683340742,-0.12292313199373173,0.024812631997833408,Parkinson,12312
other_minor,-0.11964521268167673,0.052917054141080326,-2.26099533739529,0.024086312622162563,-0.22355244272235103,-0.015737982641002443,Parkinson,12312
own_weekly,-0.041535074605916586,0.03336461880709506,-1.2448838347610331,0.2136189846866095,-0.1070494003347346,0.023979251122901432,Rogers-Satchell,12312
own_monthly,0.05770571733101053,0.05216211468009725,1.1062764169917456,0.26901241830845146,-0.044719123534521565,0.16013055819654262,Rogers-Satchell,12312
other_major,-0.07424042440001585,0.03670105183047175,-2.0228418722968673,0.04349461079598762,-0.1463061260378373,-0.0021747227621944087,Rogers-Satchell,12312
other_minor,-0.07295537541206884,0.05039685295968841,-1.447617681017198,0.1482017233296782,-0.1719139716303555,0.026003220806217794,Rogers-Satchell,12312
own_weekly,0.16089909525424356,0.085725595605233,1.8769084556167457,0.06097425591031063,-0.0074305543739984214,0.32922874488248555,open-to-close return,12312
own_monthly,0.10290533465175888,0.1164889197671617,0.8833916123305657,0.3773483399371759,-0.12583077282629454,0.3316414421298123,open-to-close return,12312
other_major,0.015369391768096497,0.08406565813609296,0.18282604465208802,0.8549909995808148,-0.1497008265244701,0.18043961006066306,open-to-close return,12312
other_minor,-0.2514439998802411,0.10977725272268343,-2.290492735461623,0.022309163385122656,-0.4670011664125697,-0.0358868333479124,open-to-close return,12312
own_weekly,-0.0065196587839775975,0.03230953466144966,-0.20178745538407808,0.8401454460331282,-0.06996223519089341,0.05692291762293821,close-to-close (incl. overnight),12312
own_monthly,-0.00695711903039245,0.050292757556146,-0.1383324233638539,0.8900201531884605,-0.10571131488630779,0.09179707682552289,close-to-close (incl. overnight),12312
other_major,-0.06547344529500584,0.03714414444109431,-1.7626855128898729,0.07841915073469674,-0.13840919774288435,0.007462307152872674,close-to-close (incl. overnight),12312
other_minor,-0.08609167358483057,0.04829456819610973,-1.7826367809157782,0.07510780854062224,-0.18092225115041988,0.00873890398075873,close-to-close (incl. overnight),12312
own_weekly,0.05122195199724887,0.07623900427903361,0.671860191271351,0.5019092428224374,-0.09847995194044017,0.2009238559349379,overnight gap,12312
own_monthly,-0.2990780883842174,0.12091607678308852,-2.47343526469796,0.013634252490815367,-0.5365073030268093,-0.06164887374162556,overnight gap,12312
other_major,-0.03285639724373191,0.08197063697490292,-0.40083130321155863,0.6886748459195667,-0.1938128595975139,0.1281000651100501,overnight gap,12312
other_minor,0.051941182497513845,0.10571787803881849,0.4913188143867359,0.6233653096706545,-0.15564504940997534,0.25952741440500304,overnight gap,12312
