term,coef,se,t,p,lo,hi,sample,n,post_days,post_expiries
own,0.3767424454055212,0.08155337525394435,4.6195812770765725,8.104183718827397e-06,0.21562638709784,0.5378585037132024,pooled,2163,126,21
other_major,0.21010007348847953,0.07209557472428794,2.9141882049204315,0.0041014893477797605,0.06766875430843902,0.35253139266852007,pooled,2163,126,21
own_x_post,0.9937362082505744,0.41464493689204346,2.39659554436885,0.01775517654729864,0.17456768676069057,1.8129047297404584,pooled,2163,126,21
other_x_post,0.07998801091050556,0.39429043502330646,0.20286571472568812,0.8395095229323359,-0.6989683538207452,0.8589443756417563,pooled,2163,126,21
own,0.6117222071772599,0.10284300948321848,5.948116554067569,1.7756649498278843e-08,0.4085465536762205,0.8148978606782993,banknifty,721,42,2
other_major,0.12656664430463382,0.09588198045560095,1.320025344733484,0.18879807830498493,-0.06285686766697401,0.31599015627624166,banknifty,721,42,2
own_x_post,0.3496459777565282,1.30488976317397,0.2679505868036401,0.7890982552357857,-2.22828160051946,2.9275735560325167,banknifty,721,42,2
own,0.4356526391492435,0.10219784508090317,4.262835863166846,3.517156085829863e-05,0.23375156619300436,0.6375537121054826,nifty50,721,42,10
other_major,0.29106266197545927,0.06859313049343947,4.243320867288564,3.8021908393068456e-05,0.15555073769672903,0.42657458625418954,nifty50,721,42,10
own_x_post,0.15895574755742153,0.7379932403187104,0.21538916466060687,0.8297507726171295,-1.2990165505555642,1.6169280456704072,nifty50,721,42,10
own,0.2189544428371037,0.1565116072098605,1.3989661644935762,0.1638470624342153,-0.09024837255260243,0.5281572582268098,sensex,721,42,9
other_major,0.16637626220161736,0.13721909597196974,1.2124862142773747,0.22719521675728033,-0.10471245483438188,0.4374649792376166,sensex,721,42,9
own_x_post,1.9731084793692055,0.7444310905607217,2.6504917706795634,0.008882640964481669,0.5024176266686482,3.443799332069763,sensex,721,42,9
