date,reason,series
2017-10-19,not a normal session,nifty50
2018-11-07,not a normal session,nifty50
2021-11-04,not a normal session,nifty50
2022-10-24,not a normal session,nifty50
2024-11-01,not a normal session,nifty50
2025-02-01,not a normal session,nifty50
2025-10-21,not a normal session,nifty50
2016-11-10,stale bar,banknifty
2017-10-19,not a normal session,banknifty
2018-11-07,not a normal session,banknifty
2021-11-04,not a normal session,banknifty
2022-10-24,not a normal session,banknifty
2024-11-01,not a normal session,banknifty
2025-10-21,not a normal session,banknifty
2017-10-19,not a normal session,sensex
2018-11-07,not a normal session,sensex
2021-11-04,not a normal session,sensex
2022-10-24,not a normal session,sensex
2024-11-01,not a normal session,sensex
2025-10-21,not a normal session,sensex
2017-10-19,not a normal session,midcap50
2018-11-07,not a normal session,midcap50
2021-11-04,not a normal session,midcap50
2022-10-24,not a normal session,midcap50
2024-11-01,not a normal session,midcap50
2025-10-21,not a normal session,midcap50
2017-10-19,not a normal session,indiavix
2018-11-07,not a normal session,indiavix
2021-11-04,not a normal session,indiavix
2022-10-24,not a normal session,indiavix
2024-11-01,not a normal session,indiavix
2025-10-21,not a normal session,indiavix
