term,coef,se,t,p,lo,hi,event,index,date,n,pre_days,post_days,outcome
gain_post,0.3001799220602757,0.20789857881109491,1.4438767392105714,0.1547718835534015,-0.11699909688787341,0.7173589410084249,Bank Nifty weekly launch (Thu),banknifty,2016-05-27,243,122,121,lgk
gain_post,0.13415442272481468,0.20381648073655054,0.6582118494049568,0.5133624355052893,-0.27502423612477434,0.5433330815744037,Nifty weekly launch (Thu),nifty50,2019-02-11,240,119,121,lgk
gain_post,0.22102400412971282,0.22750371402992542,0.9715182236569542,0.3358756013311145,-0.23570875984334058,0.6777567681027662,Midcap Select launch (Tue),midcap50,2022-01-24,248,124,124,lgk
gain_post,-0.17278443532718166,0.18482684990264067,-0.9348448854600807,0.3542736831696158,-0.5438398195103241,0.19827094885596078,Sensex relaunch (Fri),sensex,2023-05-15,248,123,125,lgk
gain_post,0.42371591793198077,0.19380604497729745,2.1862884513308916,0.03350268199009515,0.034445020312620034,0.8129868155513416,Sensex relaunch (Fri),sensex,2023-05-15,239,114,125,lrv_last
gain_post,0.04630324601393523,0.15190074170302464,0.30482567428446755,0.7617641847681269,-0.258798372868539,0.35140486489640943,Sensex relaunch (Fri),sensex,2023-05-15,239,114,125,lrv5
gain_post,-0.5248121615139172,0.2649868522820573,-1.9805215126496034,0.05294659328532773,-1.0565471820290608,0.006922859001226578,Midcap Select Tue to Mon,midcap50,2023-08-17,243,122,121,lgk
lose_post,0.026585058319237194,0.21700095134077863,0.12251125239302743,0.9029663965951662,-0.40885920738408305,0.4620293240225574,Midcap Select Tue to Mon,midcap50,2023-08-17,243,122,121,lgk
gain_post,0.3059153598191694,0.23807793171721725,1.2849379092495128,0.20461925494765812,-0.17204603196667773,0.7838767516050165,Bank Nifty Thu to Wed,banknifty,2023-09-04,243,122,121,lgk
lose_post,0.04490252769009964,0.2183327031134085,0.20566102580966047,0.8378744420126297,-0.393418663609565,0.48322371898976435,Bank Nifty Thu to Wed,banknifty,2023-09-04,243,122,121,lgk
gain_post,0.3316776699936737,0.20055371321689497,1.6538096686096793,0.10430920808334194,-0.07095070973714118,0.7343060497244887,Bank Nifty Thu to Wed,banknifty,2023-09-04,243,122,121,lrv_last
lose_post,-0.3702877787772888,0.17720259926889648,-2.08962949925692,0.04165764064944294,-0.7260368411273062,-0.014538716427271448,Bank Nifty Thu to Wed,banknifty,2023-09-04,243,122,121,lrv_last
gain_post,0.23062333876783067,0.1400958135473544,1.6461829438598938,0.10587565869879753,-0.05063074279903143,0.5118774203346927,Bank Nifty Thu to Wed,banknifty,2023-09-04,243,122,121,lrv5
lose_post,0.048971323465664615,0.15095549933801275,0.32440900583562204,0.7469552646052467,-0.25408448704525266,0.3520271339765819,Bank Nifty Thu to Wed,banknifty,2023-09-04,243,122,121,lrv5
lose_post,-0.26905575479995514,0.5301770480564636,-0.507482841413574,0.6152960550042978,-1.3489910619234147,0.8108795523235043,Midcap Select weekly removed (Mon),midcap50,2024-11-19,153,124,29,lgk
lose_post,-0.09862100195512191,0.306329496236386,-0.32194419135863694,0.7495887508650937,-0.7225937669243523,0.5253517630141085,Bank Nifty weekly removed (Wed),banknifty,2024-11-20,153,124,29,lgk
lose_post,-0.7300150494889744,0.20922175768890477,-3.489192795017264,0.0014340006394331182,-1.1561858239028344,-0.3038442750751144,Bank Nifty weekly removed (Wed),banknifty,2024-11-20,153,124,29,lrv_last
lose_post,-0.38467741788838444,0.1581196369411389,-2.432825076821946,0.02075036566731863,-0.706756578629596,-0.06259825714717299,Bank Nifty weekly removed (Wed),banknifty,2024-11-20,153,124,29,lrv5
gain_post,0.2345875805552644,0.2481520563926167,0.9453380478302743,0.34894374678492646,-0.26359846042905294,0.7327736215395817,Sensex Fri to Tue,sensex,2025-01-04,246,123,123,lgk
lose_post,-0.04721683997068302,0.33246843814454713,-0.14201901459937852,0.8876245411561008,-0.7146750805319303,0.6202414005905642,Sensex Fri to Tue,sensex,2025-01-04,246,123,123,lgk
gain_post,0.5486311031893947,0.1845137030339619,2.9733894782243504,0.004488750899546464,0.17820438757753698,0.9190578188012524,Sensex Fri to Tue,sensex,2025-01-04,246,123,123,lrv_last
lose_post,-0.9132802863334921,0.18906044719129864,-4.830625865437629,1.2847781945632743e-05,-1.2928349717233973,-0.5337256009435869,Sensex Fri to Tue,sensex,2025-01-04,246,123,123,lrv_last
gain_post,0.2984563038744232,0.20438239248124349,1.4602838348798222,0.1503453624366855,-0.11185847020924256,0.7087710779580889,Sensex Fri to Tue,sensex,2025-01-04,246,123,123,lrv5
lose_post,-0.005847172159841869,0.2546565586263877,-0.022961011455512464,0.9817709762296825,-0.517091546262661,0.5053972019429772,Sensex Fri to Tue,sensex,2025-01-04,246,123,123,lrv5
gain_post,0.1649951772754721,0.21636787662159937,0.7625678074385702,0.4492339220823438,-0.26938146024775,0.5993718147986942,Nifty Thu to Tue,nifty50,2025-09-01,245,122,123,lgk
lose_post,-0.06187763664075581,0.24757912027645046,-0.2499307557586534,0.8036449103620005,-0.5589134603768301,0.43515818709531845,Nifty Thu to Tue,nifty50,2025-09-01,245,122,123,lgk
gain_post,0.41182208021839867,0.18673210771705243,2.205416547016199,0.03195852562692428,0.036941731368775765,0.7867024290680216,Nifty Thu to Tue,nifty50,2025-09-01,243,122,121,lrv_last
lose_post,0.1812599140829851,0.197608472360986,0.9172679284310453,0.3633197642269173,-0.2154556479058358,0.577975476071806,Nifty Thu to Tue,nifty50,2025-09-01,243,122,121,lrv_last
gain_post,0.13380570654641352,0.18017127562351762,0.7426583737244072,0.46109567602538026,-0.22790322227246165,0.4955146353652887,Nifty Thu to Tue,nifty50,2025-09-01,243,122,121,lrv5
lose_post,-0.09581200697001555,0.15265338222963276,-0.6276441803686202,0.5330373859324686,-0.40227645961804614,0.21065244567801503,Nifty Thu to Tue,nifty50,2025-09-01,243,122,121,lrv5
gain_post,0.057064194038374316,0.23430950398047498,0.24354195228516842,0.8085625792989418,-0.413331763383581,0.5274601514603297,Sensex Tue to Thu,sensex,2025-09-01,245,122,123,lgk
lose_post,0.07151710605700706,0.24608556651300864,0.29061885697073786,0.7725213799315156,-0.42252028338348724,0.5655544954975014,Sensex Tue to Thu,sensex,2025-09-01,245,122,123,lgk
gain_post,0.8638702959110977,0.1870978472777702,4.617211306705062,2.6644091974653257e-05,0.4882556942552153,1.2394848975669799,Sensex Tue to Thu,sensex,2025-09-01,242,122,120,lrv_last
lose_post,-0.23871352913386057,0.19993836340182197,-1.1939355963123046,0.23802708800187847,-0.640106542562868,0.16267948429514695,Sensex Tue to Thu,sensex,2025-09-01,242,122,120,lrv_last
gain_post,0.020756931150417546,0.14913609307334005,0.13918113799729215,0.8898551770904697,-0.2786462688719319,0.320160131172767,Sensex Tue to Thu,sensex,2025-09-01,242,122,120,lrv5
lose_post,0.041321777325495745,0.18819639184619757,0.21956731965013299,0.8270845977399375,-0.33649824457693,0.4191417992279215,Sensex Tue to Thu,sensex,2025-09-01,242,122,120,lrv5
