term,coef,se,t,p,lo,hi,bin,outcome
b-4,0.04567743037381444,0.099004066113687,0.4613692363035146,0.6451603175580812,-0.14984585424052824,0.24120071498815712,-4,lrv_last
b-3,0.016207422204834065,0.08571628818172085,0.1890821750292534,0.8502680478547775,-0.15307380904272447,0.1854886534523926,-3,lrv_last
b-2,-0.10532366011853739,0.08879825029133372,-1.1861006244265657,0.23734091896476964,-0.2806914631442337,0.07004414290715893,-2,lrv_last
b-1,0.0,0.0,,,0.0,0.0,-1,lrv_last
b0,0.41702832344030966,0.06907917592962222,6.0369614696211436,1.0574756175974937e-08,0.28060375113332914,0.5534528957472902,0,lrv_last
b1,0.3839106511493534,0.06997834644228579,5.486134935554405,1.576262694125501e-07,0.24571030559420687,0.5221109967044999,1,lrv_last
b2,0.4026177766188688,0.08632614042122129,4.663914946901698,6.50951134094104e-06,0.23213214723215084,0.5731034060055867,2,lrv_last
b3,0.6108306989061023,0.22600391860718133,2.702743840330444,0.007619568709810574,0.16449520748248636,1.0571661903297183,3,lrv_last
b-4,-0.10167732825721407,0.12545734396638597,-0.8104533783566841,0.41888346194699394,-0.3494432325699865,0.14608857605555836,-4,lrv5
b-3,0.007453156187408563,0.06593289740622683,0.11304153890717189,0.910139330440842,-0.12275782575552142,0.13766413813033856,-3,lrv5
b-2,-0.04428715245215753,0.07772212626243244,-0.5698139588026692,0.5696030777486024,-0.1977807008544144,0.10920639595009934,-2,lrv5
b-1,0.0,0.0,,,0.0,0.0,-1,lrv5
b0,0.09166019520584626,0.06397387689777852,1.4327753709894224,0.15387300101322804,-0.03468191407887558,0.2180023044905681,0,lrv5
b1,0.03471415913320098,0.06438205640942461,0.5391899710758434,0.5905052728343299,-0.09243406450583111,0.16186238277223305,1,lrv5
b2,0.08523172904077873,0.07661405894055194,1.1124815760892346,0.26759982962722767,-0.06607349547891044,0.2365369535604679,2,lrv5
b3,0.10969522741447554,0.11278343800715947,0.9726182261575685,0.332211185121168,-0.11304096024811705,0.33243141507706814,3,lrv5
