term,coef,se,t,p,lo,hi,sample,n,p_holm
own_weekly,-0.024052569668783583,0.03233900545724535,-0.7437634314568804,0.4572859124561944,-0.08755301454188537,0.03944787520431821,pooled,12312,
own_monthly,0.05521955917499788,0.048701262816846065,1.1338424505061724,0.2572748198830896,-0.0404095985874499,0.15084871693744567,pooled,12312,
other_major,-0.061633188938147704,0.03430369828115927,-1.7966922526250966,0.0728444056633318,-0.1289914787447452,0.005725100868449809,pooled,12312,
other_minor,-0.09449330160709353,0.04841045625890565,-1.9519192527690836,0.05137289530184278,-0.1895514354453317,0.0005648322311446602,pooled,12312,
own_weekly,-0.01933184309134891,0.057761744550805655,-0.3346824657337894,0.7379716103389479,-0.13275204336534505,0.09408835718264724,banknifty,3090,1.0
own_monthly,-0.0007043703645563133,0.07799353183315938,-0.009031138198268467,0.9927970379192524,-0.15385144148205854,0.15244270075294591,banknifty,3090,1.0
other_major,-0.0011704298365026742,0.04875995973706831,-0.0240039131044009,0.9808567870235521,-0.09691484409784684,0.0945739844248415,banknifty,3090,0.9808567870235521
other_minor,-0.052327417595919426,0.05151090814646913,-1.0158511949959916,0.31007476575157933,-0.15347355789521652,0.04881872270337767,banknifty,3090,0.6201495315031587
own_weekly,-0.03260091736994271,0.0974573844069141,-0.33451459392573074,0.7380982023688432,-0.2239669528588734,0.15876511811898802,midcap50,3056,1.0
own_monthly,-0.08230109176309834,0.1114960575465883,-0.7381524833621051,0.46068577105447606,-0.30123328079302025,0.13663109726682354,midcap50,3056,1.0
other_major,-0.12491078462630122,0.05045735188795882,-2.475571546118139,0.013553723136953926,-0.22398817574273633,-0.02583339350986609,midcap50,3056,0.0542148925478157
other_minor,-0.0541333186331298,0.07116283975468941,-0.760696436788311,0.44711173393197945,-0.19386773281696507,0.08560109555070548,midcap50,3056,0.6201495315031587
own_weekly,-0.10714063397125653,0.053776677381917194,-1.9923252827680902,0.046749380995444116,-0.21273580887741428,-0.0015454590650987865,nifty50,3083,0.18699752398177646
own_monthly,0.06485180856784219,0.06702832149287713,0.9675284584701075,0.333636483297466,-0.0667641200519226,0.19646773718760696,nifty50,3083,1.0
other_major,-0.049725786302945024,0.04723056703740575,-1.052830601495068,0.29280627858285907,-0.1424671052173206,0.043015532611430526,nifty50,3083,0.8784188357485772
other_minor,-0.14154869921579746,0.05469017410198591,-2.588192514286722,0.00986177451534426,-0.24893760424118144,-0.034159794190413484,nifty50,3083,0.03944709806137704
own_weekly,0.053635000358816964,0.08378065727907583,0.6401835710139777,0.5222767927925926,-0.1108755940073512,0.21814559472498513,sensex,3083,1.0
own_monthly,0.18051377407136673,0.12088578601167266,1.4932588853245032,0.13585022403859645,-0.056855962011719025,0.41788351015445246,sensex,3083,0.5434008961543858
other_major,-0.04680722580347221,0.05216154432591982,-0.8973512270075376,0.36986073339512276,-0.14923094672905904,0.05561649512211461,sensex,3083,0.8784188357485772
other_minor,-0.11862652402054356,0.05584034554658738,-2.1243873557618644,0.03401114130329347,-0.2282738905347662,-0.008979157506320931,sensex,3083,0.1020334239098804
