term,coef,se,t,p,lo,hi,outcome,sample,n
own_weekly,0.019199519263956986,0.036049857611174296,0.5325823882867641,0.5947673029830114,-0.0517798501688048,0.09017888869671878,lrv5,pooled,3428
own_monthly,0.09466357560155517,0.058233182631490625,1.6255950872649738,0.10521997682065976,-0.01999303768739312,0.20932018889050347,lrv5,pooled,3428
other_major,0.012044091817690181,0.035979894918000695,0.33474505262283405,0.7380812176722014,-0.05879752650662504,0.08288571014200541,lrv5,pooled,3428
other_minor,-0.08864707674511024,0.04411932504182484,-2.0092573188976344,0.04551995995227186,-0.17551460074601227,-0.0017795527442082126,lrv5,pooled,3428
own_weekly,0.01783248197346099,0.057214059625109635,0.31168006763209677,0.7555278269998752,-0.09481755727717761,0.1304825212240996,lrv5,banknifty,1252
own_monthly,-0.010186561375509506,0.08454594980729191,-0.12048550402151774,0.9041895184624454,-0.17665096936682942,0.15627784661581043,lrv5,banknifty,1252
other_major,0.04275216997900487,0.047880710450850766,0.8928892152276999,0.3727235672627311,-0.051521229723428236,0.13702556968143798,lrv5,banknifty,1252
other_minor,-0.04604646733807413,0.043173292333495684,-1.0665498239602476,0.28714223358174495,-0.1310513264201789,0.038958391744030624,lrv5,banknifty,1252
own_weekly,-0.05121392531151729,0.055999323296906704,-0.9145454319150005,0.3612585754510187,-0.16147224308761152,0.059044392464576934,lrv5,nifty50,1248
own_monthly,0.1760015461471745,0.0892761606678852,1.9714282606967721,0.04971121781251817,0.0002237203945361088,0.3517793718998129,lrv5,nifty50,1248
other_major,-0.025684543093431635,0.04220545857084366,-0.6085597447145145,0.5433356083390215,-0.10878381267419299,0.057414726487329724,lrv5,nifty50,1248
other_minor,-0.13315104860125343,0.047556057853478634,-2.7998756543592203,0.005486909973206361,-0.22678523255713004,-0.03951686464537682,lrv5,nifty50,1248
own_weekly,0.10537624176850699,0.06714739797916222,1.5693272552602602,0.11816038090395874,-0.027035509105978905,0.23778799264299288,lrv5,sensex,928
own_monthly,0.11690933285283224,0.09722363172980292,1.2024785617733191,0.23060699460155681,-0.07481144399267502,0.3086301096983395,lrv5,sensex,928
other_major,0.07486125706527938,0.06082152384792998,1.2308349467279458,0.21983738918977308,-0.04507614491801022,0.19479865904856897,lrv5,sensex,928
other_minor,-0.07233598895488547,0.061700864214790166,-1.1723658959309355,0.24245173566183337,-0.19400741192922977,0.04933543401945882,lrv5,sensex,928
own_weekly,0.42548581532063484,0.04340976031619153,9.801616323643502,1.4534312970128313e-19,0.34001536914845554,0.5109562614928141,lrv_last,pooled,3428
own_monthly,0.5111775069583948,0.0655903319853747,7.793488635983378,1.4731661878710874e-13,0.3820352380645413,0.6403197758522483,lrv_last,pooled,3428
other_major,0.13007763421509924,0.038462255799019913,3.381955413504734,0.0008279103814073395,0.05434844013556983,0.20580682829462865,lrv_last,pooled,3428
other_minor,-0.0245808491816024,0.048722353039994476,-0.5045086628189908,0.6143216363619546,-0.12051137776674876,0.07134967940354396,lrv_last,pooled,3428
own_weekly,0.29048607279771826,0.0648208852786795,4.481365404820584,1.1028146739162323e-05,0.16285878470191403,0.41811336089352247,lrv_last,banknifty,1252
own_monthly,0.34613418312513156,0.08477567157999141,4.082942389887543,5.8869274700637706e-05,0.17921747080720224,0.5130508954430608,lrv_last,banknifty,1252
other_major,0.11841919382851239,0.058583066016935144,2.0213894881206773,0.04424086267059297,0.0030736873311162094,0.23376470032590857,lrv_last,banknifty,1252
other_minor,0.02253789033294122,0.050973379564927,0.4421502071337792,0.6587397874219405,-0.07782473462937936,0.1229005152952618,lrv_last,banknifty,1252
own_weekly,0.04307021246143581,0.06820562989675201,0.6314759137425229,0.5282716693450986,-0.09122137487440901,0.17736179979728062,lrv_last,nifty50,1248
own_monthly,0.2927970955626065,0.09892854604965255,2.9596825916722835,0.003357137297701775,0.09801447275058975,0.4875797183746233,lrv_last,nifty50,1248
other_major,0.16941093849423922,0.04017261476518054,4.217075226108396,3.3958033009886934e-05,0.09031418046394064,0.2485076965245378,lrv_last,nifty50,1248
other_minor,-0.12543433155940223,0.05421566294955412,-2.313617960848597,0.02145135586692822,-0.23218076065890805,-0.018687902459896405,lrv_last,nifty50,1248
own_weekly,0.9022936330385387,0.07524621611878082,11.99121603157044,2.7437912801827008e-25,0.7539113647329271,1.0506759013441502,lrv_last,sensex,928
own_monthly,0.8215589324565898,0.12661391622995985,6.488693793851624,6.728672374622763e-10,0.5718817917535772,1.0712360731596025,lrv_last,sensex,928
other_major,0.2433060688330787,0.0672948512301419,3.615522798334087,0.00037981135680667066,0.11060354655535223,0.3760085911108052,lrv_last,sensex,928
other_minor,-0.008658526813438164,0.0709344849686322,-0.12206371579728865,0.9029717329122762,-0.14853824866046006,0.1312211950335837,lrv_last,sensex,928
