index,year,share_0dte_of_year,share_expiring_on_expiry_days,expiry_days
banknifty,2014,0.13731288040523046,0.9387268389484715,12
banknifty,2015,0.12689315727736064,0.9418472767904449,12
banknifty,2016,0.34342777398049573,0.9060677464839644,36
banknifty,2017,0.41538004744695656,0.9253343207993833,52
banknifty,2018,0.4365483437251675,0.9352497200185477,52
banknifty,2019,0.4449988439777856,0.9490710912096811,52
banknifty,2020,0.45884745905290997,0.9635906062510909,51
banknifty,2021,0.41441090682772785,0.9555092856923078,52
banknifty,2022,0.4386434417946352,0.9589507966553958,52
banknifty,2023,0.500074346920008,0.9658823012572738,52
banknifty,2024,0.6260361344237736,0.9804334583488977,48
banknifty,2025,0.38486429652407755,0.9895238901641108,12
nifty50,2014,0.09147737634970865,0.8501781311674018,12
nifty50,2015,0.09317840056507805,0.8764452952991176,12
nifty50,2016,0.10461471213714087,0.8614388938430043,12
nifty50,2017,0.11141064446075295,0.8467473256749116,12
nifty50,2018,0.09956487088261713,0.8634136023697953,12
nifty50,2019,0.2541115746599316,0.8107914685882609,47
nifty50,2020,0.3283543851262177,0.880859079902994,51
nifty50,2021,0.3204193216825869,0.8943985686833841,52
nifty50,2022,0.3601367111327788,0.916006534079695,52
nifty50,2023,0.4527558109113371,0.9397163078509062,52
nifty50,2024,0.5897830356653366,0.9616158773454335,52
nifty50,2025,0.4645343378597254,0.9540884620829538,53
