sample,period,from,to,term,coef,se,t,p,lo,hi,n,n_treated,outcome
pooled,2014-18,2014-01-01,2018-12-31,own_weekly,0.002807702212058617,0.09716272774129639,0.028896906018677768,0.97696889647908,-0.18851491235687798,0.1941303167809952,4865,103,lgk
pooled,2014-18,2014-01-01,2018-12-31,own_monthly,0.06062615797125796,0.09104904168090464,0.6658626697437592,0.506086941877659,-0.1186580296317108,0.23991034557422675,4865,120,lgk
pooled,2014-18,2014-01-01,2018-12-31,other_major,-0.0821737115238363,0.08289192539368201,-0.991335538818351,0.3224399130113261,-0.2453957644822362,0.08104834143456362,4865,550,lgk
pooled,2019-23 (minute data: 2021-23),2019-01-01,2023-12-31,own_weekly,0.026357696293889423,0.034618180980134104,0.7613830521313347,0.4471183342174838,-0.041810002535845145,0.094525395123624,4916,499,lgk
pooled,2019-23 (minute data: 2021-23),2019-01-01,2023-12-31,own_monthly,0.09684307156187467,0.06176827804827389,1.567844767927458,0.1181335789973015,-0.024786697998875035,0.21847284112262438,4916,152,lgk
pooled,2019-23 (minute data: 2021-23),2019-01-01,2023-12-31,other_major,0.06172535554155442,0.07909403221556698,0.7804047133837473,0.43586259329093485,-0.09402107638085466,0.2174717874639635,4916,1164,lgk
pooled,2024 to SEBI measures,2024-01-01,2024-11-19,own_weekly,-0.26512918034714184,0.1246613677912959,-2.1267950532278186,0.03883257168816105,-0.5160594989295176,-0.014198861764766035,865,143,lgk
pooled,2024 to SEBI measures,2024-01-01,2024-11-19,own_monthly,-0.2723293668928404,0.1890687607761894,-1.4403720941251152,0.15653417980691212,-0.6529050433523824,0.10824630956670162,865,40,lgk
pooled,2024 to SEBI measures,2024-01-01,2024-11-19,other_major,-0.4063335145389619,0.14686036713929948,-2.766801707322084,0.008125805691336021,-0.7019481012093494,-0.1107189278685744,865,395,lgk
pooled,SEBI measures to interim order,2024-11-20,2025-07-02,own_weekly,0.06492109253906825,0.2324947848684088,0.27923676901317745,0.7818599847492289,-0.4086552869399767,0.5384974720181133,607,49,lgk
pooled,SEBI measures to interim order,2024-11-20,2025-07-02,own_monthly,-0.1569767478365161,0.17706209607209403,-0.8865632527731977,0.3819286858639863,-0.5176404351887003,0.20368693951566808,607,32,lgk
pooled,SEBI measures to interim order,2024-11-20,2025-07-02,other_major,0.02346156047173219,0.20079232764601168,0.11684490511556757,0.9077132282454845,-0.38553902682139457,0.432462147764859,607,207,lgk
pooled,after interim order,2025-07-03,2026-07-31,own_weekly,0.0745233177108699,0.2084046892489653,0.35758944762438877,0.7219948100011097,-0.3429614417914947,0.4920080772132345,1059,87,lgk
pooled,after interim order,2025-07-03,2026-07-31,own_monthly,0.11177014058071927,0.13037108708891754,0.8573230696809961,0.3949205796544694,-0.14939452963626237,0.3729348107977009,1059,52,lgk
pooled,after interim order,2025-07-03,2026-07-31,other_major,-0.009936061219745482,0.20336303465435568,-0.04885873795418733,0.9612057151601847,-0.4173211729478216,0.3974490505083306,1059,351,lgk
pooled,2019-23 (minute data: 2021-23),2019-01-01,2023-12-31,own_weekly,0.19219450882005523,0.05644121995121349,3.4052153547741137,0.0008710098163917429,0.08057114400457828,0.3038178736355322,1603,233,lrv_last
pooled,2019-23 (minute data: 2021-23),2019-01-01,2023-12-31,own_monthly,0.3832129255574695,0.09320501761498926,4.111505317669089,6.789558667026494e-05,0.19888208202035673,0.5675437690945823,1603,72,lrv_last
pooled,2019-23 (minute data: 2021-23),2019-01-01,2023-12-31,other_major,-0.00039639232015973094,0.07480216098998013,-0.0052992094735448666,0.9957796850793668,-0.14833204843085074,0.14753926379053128,1603,417,lrv_last
pooled,2024 to SEBI measures,2024-01-01,2024-11-19,own_weekly,0.6026616408061545,0.1860706930348368,3.2388853450087494,0.002230660881212031,0.22812076170844342,0.9772025199038655,651,108,lrv_last
pooled,2024 to SEBI measures,2024-01-01,2024-11-19,own_monthly,0.713977002209119,0.1798471876062153,3.969909186305479,0.0002503513920474616,0.3519633897985313,1.0759906146197067,651,30,lrv_last
pooled,2024 to SEBI measures,2024-01-01,2024-11-19,other_major,0.22588599994045644,0.1897488192187478,1.1904474603346473,0.23997791793319329,-0.1560585631651194,0.6078305630460323,651,266,lrv_last
pooled,SEBI measures to interim order,2024-11-20,2025-07-02,own_weekly,0.4938993695206866,0.18741447047666032,2.6353320971669283,0.012851622177574155,0.11214858555985835,0.8756501534815149,456,49,lrv_last
pooled,SEBI measures to interim order,2024-11-20,2025-07-02,own_monthly,0.31152798171992435,0.1309355753504327,2.379246288765743,0.023480490384697662,0.04482094244349538,0.5782350209963534,456,24,lrv_last
pooled,SEBI measures to interim order,2024-11-20,2025-07-02,other_major,0.25760447190722907,0.1521390629622133,1.6932171586413027,0.1001289897767434,-0.05229265828327895,0.567501602097737,456,140,lrv_last
pooled,after interim order,2025-07-03,2026-07-31,own_weekly,0.9206644571552678,0.1687784298973087,5.4548703748188405,1.376748833577731e-06,0.5819857600385052,1.2593431542720304,718,80,lrv_last
pooled,after interim order,2025-07-03,2026-07-31,own_monthly,0.39550774876220174,0.106041745908066,3.7297362974869475,0.00047494911149732744,0.18271941813261777,0.6082960793917858,718,34,lrv_last
pooled,after interim order,2025-07-03,2026-07-31,other_major,0.48866290951929425,0.16221014637491618,3.0125298598143675,0.003995223318657547,0.16316443754747995,0.8141613814911086,718,221,lrv_last
banknifty,2019-23 (minute data: 2021-23),2019-01-01,2023-12-31,own (any),0.15057453482957506,0.06632448440287418,2.270270718049485,0.024775152867761795,0.019405114234135518,0.2817439554250146,1603,136,lrv_last
nifty50,2019-23 (minute data: 2021-23),2019-01-01,2023-12-31,own (any),0.011348176305020288,0.051199003373514435,0.22164838292322642,0.8249225424919903,-0.08990769726912565,0.11260404987916622,1603,136,lrv_last
sensex,2019-23 (minute data: 2021-23),2019-01-01,2023-12-31,own (any),0.5117534440100445,0.13105237947393986,3.904953470240563,0.00014824660965660652,0.2525721652106057,0.7709347228094834,1603,33,lrv_last
banknifty,2024 to SEBI measures,2024-01-01,2024-11-19,own (any),0.5212402599709367,0.16063991807347808,3.244774189516935,0.002193543606700126,0.19788887587005505,0.8445916440718184,651,46,lrv_last
nifty50,2024 to SEBI measures,2024-01-01,2024-11-19,own (any),0.359665240192966,0.1923468119771769,1.8698788739770869,0.06787271697308316,-0.027508811102076314,0.7468392914880082,651,46,lrv_last
sensex,2024 to SEBI measures,2024-01-01,2024-11-19,own (any),1.0369396743854695,0.1822487899407381,5.689693054876532,8.429317616425793e-07,0.6700918872053663,1.4037874615655728,651,46,lrv_last
banknifty,SEBI measures to interim order,2024-11-20,2025-07-02,own (any),0.6149723379770201,0.2628335898132446,2.339778330516987,0.02569616634324373,0.07959783510510687,1.1503468408489335,456,8,lrv_last
nifty50,SEBI measures to interim order,2024-11-20,2025-07-02,own (any),0.22995479064473368,0.19517329534525102,1.1782082699272771,0.24740131182742206,-0.16760020239699436,0.6275097836864617,456,32,lrv_last
sensex,SEBI measures to interim order,2024-11-20,2025-07-02,own (any),0.5661704447965601,0.15195718116260612,3.725855141987092,0.0007514633477732168,0.2566437957082404,0.8756970938848798,456,33,lrv_last
banknifty,after interim order,2025-07-03,2026-07-31,own (any),0.18782364362256718,0.2201826125577648,0.8530357662701079,0.3975517266677126,-0.25400509239660707,0.6296523796417414,718,12,lrv_last
nifty50,after interim order,2025-07-03,2026-07-31,own (any),0.5517609441491862,0.1524128878018529,3.620172493985633,0.0006673021914197497,0.24592210979137258,0.8575997785069998,718,51,lrv_last
sensex,after interim order,2025-07-03,2026-07-31,own (any),1.1206454312042133,0.15695290544179738,7.140010744304321,2.9594111155912033e-09,0.8056963849542814,1.4355944774541451,718,51,lrv_last
