term,coef,se,t,p,lo,hi,test,sample,n
r_am,-0.04324178153123176,0.05611579575671055,-0.7705812765928876,0.4416390341129537,-0.15372942453358146,0.06724586147111793,afternoon on morning,pooled,3428
am_x_own,0.08991747365122943,0.07833918926928504,1.1477968369336184,0.25208367564205425,-0.06432630495620856,0.24416125225866742,afternoon on morning,pooled,3428
own,0.008813993597051777,0.02881024970406761,0.3059325652358842,0.7598952869904277,-0.04791115020937666,0.06553913740348022,afternoon on morning,pooled,3428
r_rest,-0.006204655682367728,0.01586060199125222,-0.3911992549708928,0.6959631259843702,-0.037432949017266626,0.025023637652531173,last half hour on rest of day,pooled,3428
rest_x_own,0.006695307045143869,0.01895415866576416,0.35323683647521786,0.7241906694037467,-0.03062395908719839,0.044014573177486124,last half hour on rest of day,pooled,3428
own,0.008086455924197869,0.012567970184919943,0.6434178157027016,0.5205073310697584,-0.016658901142035207,0.03283181299043095,last half hour on rest of day,pooled,3428
r_am,-0.039014961257963734,0.0742865490151931,-0.5251955000626612,0.5998847717799954,-0.18527940599740578,0.10724948348147832,afternoon on morning,nifty50,1248
am_x_own,0.090579513682883,0.11188033045933612,0.8096107091478865,0.41888757862158593,-0.129704166590827,0.310863193956593,afternoon on morning,nifty50,1248
own,0.03411610695428083,0.0546306824816263,0.6244861935553331,0.5328435895222235,-0.07344746336687666,0.14167967727543831,afternoon on morning,nifty50,1248
r_rest,0.0004130354540693371,0.01977844353730428,0.020883112126103737,0.9833545543430425,-0.03852918356330033,0.039355254471439005,last half hour on rest of day,nifty50,1248
rest_x_own,-0.0042579878186516295,0.028977440900561154,-0.1469414719285709,0.8832895245730943,-0.06131231810425613,0.05279634246695287,last half hour on rest of day,nifty50,1248
own,0.02525088263722156,0.02376689983724063,1.0624390564248376,0.2890000138522418,-0.02154429702795541,0.07204606230239853,last half hour on rest of day,nifty50,1248
r_am,-0.02606106244400931,0.04122161855882248,-0.6322183202685421,0.527787250388231,-0.10722322746171857,0.05510110257369995,afternoon on morning,banknifty,1252
am_x_own,0.07205079968787559,0.10227830499011627,0.7044582885377135,0.48176371115750366,-0.12932723828251264,0.2734288376582638,afternoon on morning,banknifty,1252
own,0.03146963731191359,0.05853658236487993,0.5376063316397911,0.5912983275155325,-0.08378434648524347,0.14672362110907064,afternoon on morning,banknifty,1252
r_rest,-0.004848387256976458,0.01319548221073217,-0.36742781957851917,0.7135920854505821,-0.030829266759498458,0.021132492245545538,last half hour on rest of day,banknifty,1252
rest_x_own,0.031325140986899286,0.029750413647176715,1.05293127545714,0.2933280130150255,-0.02725111259546953,0.0899013945692681,last half hour on rest of day,banknifty,1252
own,0.025178326549946173,0.024496001821273913,1.0278545345338637,0.30495200118198423,-0.023052398288169754,0.0734090513880621,last half hour on rest of day,banknifty,1252
r_am,-0.08637169711189174,0.07481206923497659,-1.1545155480275198,0.2496733965485023,-0.23389784662881907,0.061154452405035586,afternoon on morning,sensex,928
am_x_own,0.15836967036161692,0.10893231459515171,1.4538355395292917,0.14756718054339782,-0.05644012028478326,0.37317946100801713,afternoon on morning,sensex,928
own,-0.029876328402578166,0.04103092072482621,-0.7281417983023999,0.46738270640764806,-0.11078752104257411,0.05103486423741777,afternoon on morning,sensex,928
r_rest,-0.0176178033746196,0.024397263725256718,-0.7221221024217223,0.47106710591336637,-0.0657281472394755,0.030492540490236295,last half hour on rest of day,sensex,928
rest_x_own,-0.02547320855276679,0.028922124620825905,-0.8807516351832722,0.3795147218677798,-0.08250638147246919,0.03155996436693562,last half hour on rest of day,sensex,928
own,-0.01925471922239474,0.016704019638507168,-1.1526997476707666,0.2504164078048823,-0.052194320063858754,0.013684881619069274,last half hour on rest of day,sensex,928
r_am,-0.06296012969410587,0.06236592093366996,-1.0095277797800484,0.31482274600800164,-0.18648369436264023,0.060563434974428496,afternoon on morning,banknifty 2023-01..2025-03,551
am_x_own,-0.0014760484191478722,0.12802311135222297,-0.011529546529195819,0.9908207623213995,-0.2550419516790761,0.25208985484078034,afternoon on morning,banknifty 2023-01..2025-03,551
own,0.0036419064350607473,0.08152584593626133,0.04467180184684092,0.9644457194745913,-0.15783030389877215,0.16511411676889362,afternoon on morning,banknifty 2023-01..2025-03,551
r_rest,-0.02096783366310412,0.017466926182056405,-1.2004306564622778,0.23241785022885625,-0.0555632818423185,0.013627614516110262,last half hour on rest of day,banknifty 2023-01..2025-03,551
rest_x_own,-0.09378024795856119,0.0351588079674425,-2.6673329779952404,0.00873871990584451,-0.1634166972343436,-0.024143798682778758,last half hour on rest of day,banknifty 2023-01..2025-03,551
own,-0.006990222172014952,0.033259263406490824,-0.21017369165941152,0.8339008284470877,-0.07286438409754674,0.05888393975351684,last half hour on rest of day,banknifty 2023-01..2025-03,551
