spec,term,coef,se,t,p,lo,hi,n
Baseline,own_weekly,-0.024052569668783583,0.03233900545724535,-0.7437634314568804,0.4572859124561944,-0.08755301454188537,0.03944787520431821,12312
Baseline,own_monthly,0.05521955917499788,0.048701262816846065,1.1338424505061724,0.2572748198830896,-0.0404095985874499,0.15084871693744567,12312
+ weekday x year effects,own_weekly,-0.02488041100625156,0.03897125956812858,-0.6384297372466561,0.52341679169971,-0.10140386263536931,0.05164304062286619,12312
+ weekday x year effects,own_monthly,0.03451568469506801,0.04893342400846524,0.7053600967939003,0.48083654964233086,-0.061569341723253485,0.1306007111133895,12312
+ date effects (cross-index),own_weekly,0.03398275906552727,0.03373410868786239,1.0073708892078819,0.3141279993888182,-0.03225709212312141,0.10022261025417595,12312
+ date effects (cross-index),own_monthly,0.05763693846769632,0.03647214004345033,1.5803004265456249,0.1145201012050447,-0.013979275002290938,0.12925315193768358,12312
Driscoll-Kraay errors,own_weekly,-0.024052569668783583,0.03172380919838499,-0.75818668301687,0.44833923231535233,-0.08623009315003864,0.03812495381247147,12312
Driscoll-Kraay errors,own_monthly,0.05521955917499788,0.04582294557050402,1.2050635001199574,0.22817878899200617,-0.034591763808729206,0.14503088215872495,12312
Without 2020,own_weekly,-0.008368652647853447,0.0337671002692875,-0.24783450699392934,0.8043465446222289,-0.0746836183103089,0.057946313014602006,11314
Without 2020,own_monthly,0.049342357955125135,0.05049832456848021,0.9771088125550089,0.32890582109846733,-0.04983093892450523,0.14851565483475548,11314
From 2017,own_weekly,-0.019928504605336298,0.035877240329282904,-0.5554636985016572,0.5788264659563725,-0.09041757314780724,0.05056056393713465,9411
From 2017,own_monthly,0.07227661751997223,0.053360929206662966,1.354485736934044,0.1761944390542987,-0.03256316842277186,0.17711640346271634,9411
+ day before / after own expiry,own_weekly,-0.03863124991331214,0.034862623631348094,-1.1080993307278038,0.2682250272323843,-0.10708703817065106,0.029824538344026777,12312
+ day before / after own expiry,own_monthly,0.041797139186471176,0.05119380006309237,0.8164492406299094,0.4145396205106119,-0.05872633185993554,0.1423206102328779,12312
Minus Midcap 50 on the same day,own_weekly,0.06700923464807582,0.03829093881683901,1.750002395308404,0.08058542900709317,-0.008178348120745499,0.14219681741689713,9162
Minus Midcap 50 on the same day,own_monthly,0.17910352474948243,0.051503984942892586,3.47746926666105,0.000539605252159816,0.07797097876147728,0.2802360707374876,9162
+ holiday controls,own_weekly,-0.010376615738476855,0.0327060959183768,-0.31726855337223153,0.7511407870002116,-0.07459787460263775,0.053844643125684044,12312
+ holiday controls,own_monthly,0.06396458987469418,0.048504775293372486,1.3187276817141356,0.18772035092510492,-0.031278747576455476,0.15920792732584382,12312
Holiday-shifted expiries only (any own),own,-0.07119504438428358,0.10351373447150677,-0.6877835559481312,0.4918322012053958,-0.27445324903461044,0.13206316026604326,11111
