start,term,coef,se,t,p,lo,hi,n
09:15,own_weekly,0.01550224995433993,0.04631451951972133,0.334716847224095,0.7381024720104875,-0.07568744145992454,0.10669194136860438,3428
09:15,own_monthly,-0.032067688025590485,0.07825698169929093,-0.4097741483157795,0.6823014363270097,-0.18614960631325364,0.12201423026207267,3428
09:15,other_major,-0.01936676671280719,0.04821481890112433,-0.401676645359246,0.6882445419758786,-0.1142980000016682,0.07556446657605384,3428
09:30,own_weekly,0.04606308620331417,0.042345342789448404,1.0877958039530182,0.2776699084343986,-0.037311604538253156,0.12943777694488148,3428
09:30,own_monthly,0.12048901882437647,0.07219301190778527,1.6689845130479033,0.0962969479060224,-0.02165341396787178,0.2626314516166247,3428
09:30,other_major,-0.017754287269756194,0.042385948478334,-0.41887200610436914,0.6756477021697406,-0.1012089274586575,0.06570035291914511,3428
09:45,own_weekly,0.07018713566351897,0.04494495362233623,1.5616243873180498,0.11956541344913377,-0.018305986881001143,0.1586802582080391,3428
09:45,own_monthly,0.1232845689208339,0.06356662586277322,1.9394543480564628,0.05350326984034804,-0.001873179810727807,0.2484423176523956,3428
09:45,other_major,-0.0011362372117282703,0.045365478199283014,-0.025046296365200185,0.980036815036781,-0.09045733998364906,0.08818486556019252,3428
10:00,own_weekly,0.11684488251134692,0.04882279309015702,2.3932445301844805,0.017393740882446513,0.02071659526919764,0.2129731697534962,3428
10:00,own_monthly,0.11263846496883648,0.07661729822377843,1.470144048147586,0.14270456594633515,-0.038215043919364255,0.2634919738570372,3428
10:00,other_major,0.0463099498053378,0.04579907094498431,1.0111547865450627,0.3128612347030549,-0.04386486340318005,0.13648476301385565,3428
10:15,own_weekly,0.0864586738661783,0.04526283389907544,1.9101471653091597,0.05718960864504959,-0.0026603302516179234,0.1755776779839745,3428
10:15,own_monthly,0.09526680003026772,0.07427622626835806,1.2826015108262403,0.2007482553527024,-0.05097732002248437,0.2415109200830198,3428
10:15,other_major,-0.0016480628818421779,0.04152037556866379,-0.03969287029007517,0.9683677605710835,-0.08339845724572173,0.08010233148203738,3428
10:30,own_weekly,0.03202360775396057,0.04895628139760691,0.6541266378848365,0.5135953449088447,-0.06436750759673866,0.1284147231046598,3428
10:30,own_monthly,0.12910663228431274,0.06967166849692215,1.8530722038042797,0.06497939625878732,-0.008071471179460166,0.26628473574808564,3428
10:30,other_major,-0.040309752857826175,0.04700725682262967,-0.8575219143275074,0.39192845580471414,-0.13286339021255242,0.05224388449690007,3428
10:45,own_weekly,0.10865833929746445,0.05402892105094733,2.0111143658597874,0.04532216267150642,0.0022795904909780895,0.2150370881039508,3428
10:45,own_monthly,0.13074079485582538,0.08038624284756091,1.6264075820007344,0.10504702390714867,-0.027533473240593603,0.28901506295224433,3428
10:45,other_major,0.0076124438363870915,0.0497188010124604,0.1531099640652895,0.8784276407593297,-0.09028001340659292,0.10550490107936711,3428
11:00,own_weekly,0.028841305639151587,0.051758074931400416,0.5572329665927015,0.5778368460880816,-0.07306632354786885,0.13074893482617203,3428
11:00,own_monthly,0.12898919091883268,0.07122936712244282,1.8108990172143618,0.0712845638133057,-0.011255900143012337,0.26923428198067767,3428
11:00,other_major,-0.029271699042028355,0.04638795089320427,-0.6310194453171372,0.5285696272270206,-0.12060597112683576,0.062062573042779054,3428
11:15,own_weekly,0.13120617190931688,0.04930007569024937,2.6613787113366847,0.00825556538322363,0.03413815230092149,0.22827419151771228,3428
11:15,own_monthly,0.21009550248664194,0.08672660835425003,2.4225033870628265,0.016082401603072016,0.03933754720088631,0.38085345777239754,3428
11:15,other_major,0.08452227760844239,0.047022941002091055,1.7974689759341889,0.07339529833237413,-0.008062240677361221,0.177106795894246,3428
11:30,own_weekly,0.1279012398379792,0.04820178203609152,2.653454590998565,0.008446699394621861,0.03299567512371811,0.22280680455224033,3428
11:30,own_monthly,0.11328584600982172,0.0790009146132646,1.433981449004649,0.15275203012456637,-0.04226081839982779,0.2688325104194712,3428
11:30,other_major,0.02005304727207464,0.050636718050094134,0.39601791040715684,0.6924092797099985,-0.07964671731801222,0.11975281186216151,3428
11:45,own_weekly,0.14651674357488337,0.04909390469827839,2.9844182180119274,0.0031054144683388767,0.049854658635170024,0.2431788285145967,3428
11:45,own_monthly,0.11146551583175332,0.07709800248839906,1.4457639917263168,0.1494205581465318,-0.04033446241436897,0.2632654940778756,3428
11:45,other_major,0.016394523497774777,0.05020007888344823,0.3265836202337187,0.7442396503738281,-0.08244553248950846,0.11523457948505801,3428
12:00,own_weekly,0.048331971388828804,0.051055067806664106,0.9466635432128471,0.3446694198753206,-0.05219149137626783,0.14885543415392544,3428
12:00,own_monthly,0.12735934371278515,0.08424550662986435,1.511764232985659,0.1317809430165186,-0.03851351499936165,0.293232202424932,3428
12:00,other_major,-0.06871521602044434,0.047549412126823995,-1.4451328196690807,0.14959759468646341,-0.1623363150567505,0.024905883015861816,3428
12:15,own_weekly,0.1147620676796214,0.04521844949666711,2.537947872097651,0.011721590977586053,0.025730453002570625,0.20379368235667217,3428
12:15,own_monthly,0.040798606131077955,0.08740326966802824,0.46678581117202667,0.6410352165484382,-0.13129164272125848,0.21288885498341437,3428
12:15,other_major,0.02059415646070529,0.045124264580643184,0.45638763649877856,0.64848367201182,-0.0682520154325886,0.10944032835399917,3428
12:30,own_weekly,0.08916718293693726,0.052223532513951836,1.7074138543407744,0.08891198268942224,-0.01365689607530958,0.1919912619491841,3428
12:30,own_monthly,0.03153105049684251,0.08616909813195904,0.3659206279327187,0.7147151443568183,-0.13812921046630733,0.20119131145999236,3428
12:30,other_major,-0.016041822683017595,0.05142783981890656,-0.31192876736619407,0.7553390190710838,-0.11729924458483351,0.08521559921879832,3428
12:45,own_weekly,0.09608448963749158,0.05240828167244226,1.8333837052325166,0.06786290651540171,-0.00710334611727341,0.1992723253922566,3428
12:45,own_monthly,0.16522455537446173,0.09001015039975377,1.8356213675976008,0.06752994530980683,-0.01199843914694329,0.3424475498958668,3428
12:45,other_major,-0.0066363359023702,0.052188651019143766,-0.12716051809685347,0.8989094259897377,-0.10939173596079001,0.09611906415604961,3428
13:00,own_weekly,0.14455131320070866,0.05175541692113298,2.7929697372737206,0.005601953435661811,0.04264891742944156,0.24645370897197577,3428
13:00,own_monthly,0.1321339214060655,0.08189738592682823,1.6134082902734093,0.10784150189508514,-0.029115670034094765,0.29338351284622577,3428
13:00,other_major,0.01592763338176921,0.05142513931166963,0.30972465208577155,0.7570128507045405,-0.08532447143106142,0.11717973819459984,3428
13:15,own_weekly,0.10718324553474323,0.05256063012909282,2.039230604189737,0.042415362959658864,0.0036954475026304556,0.210671043566856,3428
13:15,own_monthly,0.14994623404115345,0.0837734106214616,1.7899024634284053,0.07460695854105977,-0.014997104300911085,0.314889572383218,3428
13:15,other_major,-0.017086711351735877,0.0503735782729965,-0.3391998729797494,0.7347267996118821,-0.11626837416032562,0.08209495145685386,3428
13:30,own_weekly,0.20655917842657673,0.05821216564421301,3.5483850521735603,0.0004580571283243243,0.09194394595306553,0.3211744109000879,3428
13:30,own_monthly,0.26032289132314945,0.08431433160925524,3.087528375716539,0.002231739502760419,0.09431452157262135,0.4263312610736776,3428
13:30,other_major,0.034222550085325244,0.056618673952432357,0.6044392723516803,0.5460668366337466,-0.07725522102290508,0.14570032119355558,3428
13:45,own_weekly,0.10367494208976395,0.05319054961408836,1.94912334694703,0.05233172431167769,-0.0010531184787682252,0.20840300265829614,3428
13:45,own_monthly,0.12049181372730404,0.08492000283478045,1.4188861246475906,0.15710286712055216,-0.04670907562025077,0.28769270307485884,3428
13:45,other_major,-0.04567799814363189,0.05291970251471789,-0.8631567445211552,0.38882887099702396,-0.1498727818117846,0.058516785524520824,3428
14:00,own_weekly,0.18254035843469238,0.057408139793602285,3.1796947103838256,0.0016487777098641249,0.06950819040763546,0.2955725264617493,3428
14:00,own_monthly,0.20879638482109292,0.0850134630926744,2.456039046350588,0.014687525901248834,0.041411479485350705,0.3761812901568351,3428
14:00,other_major,0.039674145840021595,0.053563683628439,0.7406911390791107,0.4595340526529749,-0.0657885866192621,0.14513687829930527,3428
14:15,own_weekly,0.15455601920042256,0.05511610156859671,2.8041899699321866,0.005416131829851759,0.04603669640236467,0.2630753419984804,3428
14:15,own_monthly,0.2069758096854886,0.08528358739204688,2.4269125633051187,0.01589255892229265,0.03905905058641884,0.37489256878455834,3428
14:15,other_major,0.007341609672215238,0.055114172220147986,0.13320729272481716,0.8941301608555592,-0.1011739143886109,0.11585713373304138,3428
14:30,own_weekly,0.20503934795079454,0.05039352887303441,4.068763441182845,6.234353258187253e-05,0.10581840396041016,0.30426029194117893,3428
14:30,own_monthly,0.1503743433641913,0.07749696705917598,1.9403900445467346,0.0533889416684565,-0.0022111651318751924,0.3029598518602578,3428
14:30,other_major,0.05415548284637314,0.04768689478038902,1.135647080728861,0.257126482425504,-0.03973630885571938,0.14804727454846567,3428
14:45,own_weekly,0.33258869271755215,0.050243331575561954,6.619558900415776,1.9790067814873392e-10,0.23366347553918698,0.4315139098959173,3428
14:45,own_monthly,0.276547437987878,0.08073310407959562,3.4254528070074817,0.0007107925640886956,0.11759022706832667,0.43550464890742935,3428
14:45,other_major,0.06356763387432807,0.048741809227372535,1.3041705854166286,0.19330280387872786,-0.032401202432489645,0.15953647018114578,3428
15:00,own_weekly,0.45390285818313736,0.049475542902068306,9.174287568336357,1.3008880295964436e-17,0.3564893572642368,0.5513163591020379,3428
15:00,own_monthly,0.5205922325396466,0.0723866216061484,7.191829387647902,6.489318997746906e-12,0.3780685972901209,0.6631158677891723,3428
15:00,other_major,0.1637635916542038,0.04577685255221687,3.5774323161995785,0.0004121482317480686,0.07363252473521228,0.25389465857319526,3428
15:15,own_weekly,0.348950569559051,0.04655082470822132,7.496120031089869,9.794434099797857e-13,0.25729561158383846,0.4406055275342636,3428
15:15,own_monthly,0.46508780485748374,0.07218230587080128,6.4432383982016574,5.458454318159642e-10,0.3229664514204563,0.6072091582945112,3428
15:15,other_major,0.061748102938814886,0.039257837965761606,1.572885979932669,0.11693387139078462,-0.01554753062950108,0.13904373650713087,3428
