weekday,mean,se,n,measure,event,when
Mon,0.03773541725649914,0.14807969877039223,23,day,Bank Nifty weekly launch (Thu),before
Tue,-0.11106534028253448,0.14446705796588627,22,day,Bank Nifty weekly launch (Thu),before
Wed,0.13013506196141789,0.12495084906663945,24,day,Bank Nifty weekly launch (Thu),before
Thu,-0.04854790156049873,0.10511780777601155,24,day,Bank Nifty weekly launch (Thu),before
Fri,-0.017389498195717355,0.14415209980083762,22,day,Bank Nifty weekly launch (Thu),before
Mon,-0.11775582793674905,0.18292836145287394,21,day,Bank Nifty weekly launch (Thu),after
Tue,-0.10674531204424824,0.10181758590450447,24,day,Bank Nifty weekly launch (Thu),after
Wed,-0.017870175660771034,0.12086637758555759,24,day,Bank Nifty weekly launch (Thu),after
Thu,0.1390396332880283,0.11500434914620963,24,day,Bank Nifty weekly launch (Thu),after
Fri,0.08861220386164637,0.13447404886232084,24,day,Bank Nifty weekly launch (Thu),after
Mon,0.0407352991562467,0.12001415282745206,25,day,Nifty weekly launch (Thu),before
Tue,-0.18441617655179804,0.10160946643058975,22,day,Nifty weekly launch (Thu),before
Wed,0.07605242100262696,0.1496088334459219,23,day,Nifty weekly launch (Thu),before
Thu,-0.15535080723820316,0.1089756395657506,22,day,Nifty weekly launch (Thu),before
Fri,0.1961368950588932,0.1675682911698575,24,day,Nifty weekly launch (Thu),before
Mon,-0.002176984517293365,0.09597789384084843,23,day,Nifty weekly launch (Thu),after
Tue,0.15573895015180675,0.11775612661091396,24,day,Nifty weekly launch (Thu),after
Wed,-0.10525596234462947,0.12868433728083636,22,day,Nifty weekly launch (Thu),after
Thu,-0.07119923309924558,0.1274584799651275,23,day,Nifty weekly launch (Thu),after
Fri,0.011545624918212238,0.15904177468176295,23,day,Nifty weekly launch (Thu),after
Mon,0.16301760305615676,0.10484564404852455,24,day,Sensex relaunch (Fri),before
Tue,-0.2281604840841905,0.10079062137823053,24,day,Sensex relaunch (Fri),before
Wed,-0.19375129057315063,0.12036360807117674,25,day,Sensex relaunch (Fri),before
Thu,0.0347941770905592,0.1026037833063388,23,day,Sensex relaunch (Fri),before
Fri,0.23362272232994644,0.1121664496867953,24,day,Sensex relaunch (Fri),before
Mon,-0.08022585706216208,0.10135982681194049,25,day,Sensex relaunch (Fri),after
Tue,-0.3274444885289013,0.13972747951908926,23,day,Sensex relaunch (Fri),after
Wed,0.11829150968511576,0.09624130285628459,26,day,Sensex relaunch (Fri),after
Thu,0.16422635180383943,0.12455420499164667,25,day,Sensex relaunch (Fri),after
Fri,0.09060121599268414,0.09643073619958774,26,day,Sensex relaunch (Fri),after
Mon,0.02085686884260037,0.11684775274081631,24,day,Bank Nifty Thu to Wed,before
Tue,-0.2809093132097974,0.13120139087271787,23,day,Bank Nifty Thu to Wed,before
Wed,-0.13348490419218784,0.11863250405305244,25,day,Bank Nifty Thu to Wed,before
Thu,0.16239537760342984,0.11999274885724509,23,day,Bank Nifty Thu to Wed,before
Fri,0.23176576131369753,0.1057548117202472,24,day,Bank Nifty Thu to Wed,before
Mon,-0.07323609139531219,0.14079373028339612,22,day,Bank Nifty Thu to Wed,after
Tue,-0.19726869774235792,0.13588464421582275,22,day,Bank Nifty Thu to Wed,after
Wed,0.08584092362155644,0.13205395231071834,25,day,Bank Nifty Thu to Wed,after
Thu,0.17227144061230146,0.10600447863310276,25,day,Bank Nifty Thu to Wed,after
Fri,-0.020904322700737814,0.11323336170801601,24,day,Bank Nifty Thu to Wed,after
Mon,0.10101428879881467,0.12038935265904967,24,day,Bank Nifty weekly removed (Wed),before
Tue,0.09751960658374177,0.15497682347060152,25,day,Bank Nifty weekly removed (Wed),before
Wed,-0.10404953840137704,0.16304390711539685,23,day,Bank Nifty weekly removed (Wed),before
Thu,-0.13360393891117997,0.11977393053276139,24,day,Bank Nifty weekly removed (Wed),before
Fri,0.03205655744934326,0.16960609996864456,23,day,Bank Nifty weekly removed (Wed),before
Mon,-0.33330892578361154,0.16124177645043208,5,day,Bank Nifty weekly removed (Wed),after
Tue,-0.4955354522871027,0.2031878834281271,5,day,Bank Nifty weekly removed (Wed),after
Wed,-0.2901208235074531,0.1813026217826448,4,day,Bank Nifty weekly removed (Wed),after
Thu,0.530664560526322,0.3818119036743722,5,day,Bank Nifty weekly removed (Wed),after
Fri,0.5302764763503548,0.4398911472352373,5,day,Bank Nifty weekly removed (Wed),after
Mon,-0.038744401053003225,0.14063966777215325,26,day,Sensex Fri to Tue,before
Tue,-0.08382546038235361,0.12859729964582658,26,day,Sensex Fri to Tue,before
Wed,-0.14787843250793448,0.10648931795026322,22,day,Sensex Fri to Tue,before
Thu,0.04113035832499547,0.15064759139004022,25,day,Sensex Fri to Tue,before
Fri,0.22549512309870623,0.2139268760280589,24,day,Sensex Fri to Tue,before
Mon,0.02845719959445009,0.12261845147873751,24,day,Sensex Fri to Tue,after
Tue,0.15427584241940706,0.15158425345109233,25,day,Sensex Fri to Tue,after
Wed,-0.21916443769534377,0.1413662640055652,24,day,Sensex Fri to Tue,after
Thu,-0.11993604112019084,0.14555739277103436,23,day,Sensex Fri to Tue,after
Fri,0.1449419416541943,0.14877610009701026,24,day,Sensex Fri to Tue,after
Mon,0.04153344263829088,0.11566021338212631,24,day,Nifty Thu to Tue,before
Tue,0.014096653024230061,0.14105412013025015,25,day,Nifty Thu to Tue,before
Wed,-0.2728840304303881,0.12477565941252941,24,day,Nifty Thu to Tue,before
Thu,0.08960594726120989,0.1617330763319366,23,day,Nifty Thu to Tue,before
Fri,0.13648091279985883,0.1414664551764437,23,day,Nifty Thu to Tue,before
Mon,-0.1081770313994696,0.10122522385212775,24,day,Nifty Thu to Tue,after
Tue,0.12994566054228668,0.0884359681807061,25,day,Nifty Thu to Tue,after
Wed,-0.04003699128558951,0.1071609294113937,24,day,Nifty Thu to Tue,after
Thu,0.0451924183926856,0.0976899723323201,22,day,Nifty Thu to Tue,after
Fri,-0.027429526950193187,0.10722242331687995,25,day,Nifty Thu to Tue,after
Mon,0.036173294911478825,0.11796840772304612,24,day,Sensex Tue to Thu,before
Tue,0.0691181180901837,0.1517690426053536,25,day,Sensex Tue to Thu,before
Wed,-0.2675637008543327,0.1343028108643769,24,day,Sensex Tue to Thu,before
Thu,0.07295962981423211,0.15120196919442952,23,day,Sensex Tue to Thu,before
Fri,0.09336283933245922,0.148522497877837,23,day,Sensex Tue to Thu,before
Mon,-0.12341057993623504,0.09954339350390172,24,day,Sensex Tue to Thu,after
Tue,0.08030359159690093,0.11181610101475492,25,day,Sensex Tue to Thu,after
Wed,-0.06408244454645885,0.1042415115842285,24,day,Sensex Tue to Thu,after
Thu,0.14660937285129966,0.09474630962920008,22,day,Sensex Tue to Thu,after
Fri,-0.02932653620265866,0.10663512966326409,25,day,Sensex Tue to Thu,after
Mon,-0.09506499233308974,0.0786692682717643,21,last30,Sensex relaunch (Fri),before
Tue,-0.09134688523533192,0.10531437167408154,21,last30,Sensex relaunch (Fri),before
Wed,-0.008526967708809148,0.11783793671795198,22,last30,Sensex relaunch (Fri),before
Thu,-0.00479074000918838,0.09908745807284745,21,last30,Sensex relaunch (Fri),before
Fri,0.19103855721470933,0.11121344838437267,22,last30,Sensex relaunch (Fri),before
Mon,-0.24152208404277548,0.07776552850662789,25,last30,Sensex relaunch (Fri),after
Tue,-0.21350448787763565,0.09886191549548212,23,last30,Sensex relaunch (Fri),after
Wed,-0.19373518305230925,0.088527623667228,26,last30,Sensex relaunch (Fri),after
Thu,0.09434984049546256,0.09400272620737624,25,last30,Sensex relaunch (Fri),after
Fri,0.5241163103549418,0.10670604265379852,26,last30,Sensex relaunch (Fri),after
Mon,-0.21240484388474032,0.09865283087440999,24,last30,Bank Nifty Thu to Wed,before
Tue,0.16443400762005317,0.08194914991850448,23,last30,Bank Nifty Thu to Wed,before
Wed,-0.2931639896847765,0.12323611824833205,25,last30,Bank Nifty Thu to Wed,before
Thu,0.3959838449660712,0.10016440824740128,23,last30,Bank Nifty Thu to Wed,before
Fri,-0.019283108921986803,0.11346914942313112,24,last30,Bank Nifty Thu to Wed,before
Mon,-0.007181495387550227,0.13330221020574473,22,last30,Bank Nifty Thu to Wed,after
Tue,-0.2027885283146368,0.09992306493675202,22,last30,Bank Nifty Thu to Wed,after
Wed,0.059417630316350785,0.10007647962299578,25,last30,Bank Nifty Thu to Wed,after
Thu,0.016619110719919547,0.09912745300424705,25,last30,Bank Nifty Thu to Wed,after
Fri,0.11326758314755647,0.09744888524566317,24,last30,Bank Nifty Thu to Wed,after
Mon,0.04686972574470493,0.1313363159983068,24,last30,Bank Nifty weekly removed (Wed),before
Tue,-0.04766837408184278,0.13338860424448098,25,last30,Bank Nifty weekly removed (Wed),before
Wed,0.21663118017429903,0.10067685395583835,23,last30,Bank Nifty weekly removed (Wed),before
Thu,-0.2936800032282843,0.10183493407468125,24,last30,Bank Nifty weekly removed (Wed),before
Fri,0.0927234290279607,0.12382412719342366,23,last30,Bank Nifty weekly removed (Wed),before
Mon,-0.06131309153134037,0.248737476757403,5,last30,Bank Nifty weekly removed (Wed),after
Tue,-0.08742268550516093,0.16048688008482548,5,last30,Bank Nifty weekly removed (Wed),after
Wed,-0.28970580221401443,0.15893571622162417,4,last30,Bank Nifty weekly removed (Wed),after
Thu,0.11151444456949981,0.2924726551059404,5,last30,Bank Nifty weekly removed (Wed),after
Fri,0.26898597423821313,0.21901340413069267,5,last30,Bank Nifty weekly removed (Wed),after
Mon,-0.07014600079647099,0.12012758695965774,26,last30,Sensex Fri to Tue,before
Tue,-0.238450793898865,0.1060638847243122,26,last30,Sensex Fri to Tue,before
Wed,-0.4245145723795392,0.09932803993087494,22,last30,Sensex Fri to Tue,before
Thu,-0.13620664406080263,0.13059496494803166,25,last30,Sensex Fri to Tue,before
Fri,0.8653334731645277,0.10184942719330546,24,last30,Sensex Fri to Tue,before
Mon,-0.17448127983798156,0.14225302303828707,24,last30,Sensex Fri to Tue,after
Tue,0.3920723179483872,0.10629865692520095,25,last30,Sensex Fri to Tue,after
Wed,-0.2958627791223377,0.10855845809326037,24,last30,Sensex Fri to Tue,after
Thu,0.025082359976292178,0.10783783626757083,23,last30,Sensex Fri to Tue,after
Fri,0.03789813278680219,0.1129388641849648,24,last30,Sensex Fri to Tue,after
Mon,-0.16503682250951393,0.16261075560241556,24,last30,Nifty Thu to Tue,before
Tue,0.14152806032605658,0.07879476594943575,25,last30,Nifty Thu to Tue,before
Wed,-0.3674306536973723,0.1036630649388893,24,last30,Nifty Thu to Tue,before
Thu,0.3411310311442532,0.1261011213660505,23,last30,Nifty Thu to Tue,before
Fri,0.06065235671721883,0.11986652583333132,23,last30,Nifty Thu to Tue,before
Mon,-0.3649615660104188,0.15100687400593502,24,last30,Nifty Thu to Tue,after
Tue,0.43722728731840554,0.10872366185905373,25,last30,Nifty Thu to Tue,after
Wed,-0.3558164306613338,0.0965247149365836,24,last30,Nifty Thu to Tue,after
Thu,0.39947321218302906,0.07098479547546242,22,last30,Nifty Thu to Tue,after
Fri,-0.10523569264629196,0.15484076219874357,23,last30,Nifty Thu to Tue,after
Mon,-0.23989537125693305,0.1496922524645808,24,last30,Sensex Tue to Thu,before
Tue,0.5438308943362228,0.11297516134524747,25,last30,Sensex Tue to Thu,before
Wed,-0.4399098637245955,0.10597009852799998,24,last30,Sensex Tue to Thu,before
Thu,0.1826280011891161,0.10546780803642823,23,last30,Sensex Tue to Thu,before
Fri,-0.06438655418254596,0.12332380105715679,23,last30,Sensex Tue to Thu,before
Mon,-0.4895702216045234,0.12561877517665157,24,last30,Sensex Tue to Thu,after
Tue,0.19427238605534633,0.0990220682884655,25,last30,Sensex Tue to Thu,after
Wed,-0.20154965633894042,0.11616997956342327,24,last30,Sensex Tue to Thu,after
Thu,0.9258034928340325,0.09460642627081867,21,last30,Sensex Tue to Thu,after
Fri,-0.33529591001109554,0.13802233126346733,23,last30,Sensex Tue to Thu,after
